,사고번호,사고일시,요일,시군구,사고내용,사망자수,중상자수,경상자수,부상신고자수,사고유형,법규위반,노면상태,기상상태,도로형태,가해운전자 차종,가해운전자 성별,가해운전자 연령,가해운전자 상해정도,피해운전자 차종,피해운전자 성별,피해운전자 연령,피해운전자 상해정도
1868,2019060600100599,2019년 6월 6일 22시,목요일,강원도 삼척시 남양동,경상사고,0,0,1,0,차대사람 - 횡단중,안전운전불이행,포장 - 젖음/습기,비,단일로 - 기타,승용,여,48세,상해없음,보행자,여,57세,경상
1869,2019060600100636,2019년 6월 6일 23시,목요일,강원도 동해시 천곡동,경상사고,0,0,1,0,차대사람 - 길가장자리구역통행중,안전운전불이행,포장 - 젖음/습기,비,교차로 - 교차로부근,승용,여,35세,상해없음,보행자,여,36세,경상
1870,2019060700100416,2019년 6월 7일 16시,금요일,강원도 강릉시 포남동,경상사고,0,0,1,0,차대사람 - 횡단중,안전운전불이행,포장 - 젖음/습기,비,단일로 - 기타,승용,남,29세,상해없음,보행자,여,65세,경상
1871,2019060800100088,2019년 6월 8일 05시,토요일,강원도 삼척시 원덕읍,중상사고,0,1,0,0,차대사람 - 차도통행중,안전운전불이행,포장 - 젖음/습기,맑음,교차로 - 교차로안,화물,남,72세,상해없음,보행자,여,69세,중상
1872,2019060800100187,2019년 6월 8일 10시,토요일,강원도 춘천시 후평동,중상사고,0,1,0,0,차대사람 - 횡단중,안전운전불이행,포장 - 건조,맑음,단일로 - 기타,이륜,남,25세,상해없음,보행자,남,72세,중상
1873,2019060800100188,2019년 6월 8일 10시,토요일,강원도 원주시 단계동,중상사고,0,1,0,0,차대사람 - 기타,안전운전불이행,포장 - 건조,맑음,단일로 - 기타,승용,남,22세,상해없음,보행자,남,60세,중상
1874,2019060800100219,2019년 6월 8일 11시,토요일,강원도 춘천시 신북읍,중상사고,0,1,0,0,차대사람 - 횡단중,안전운전불이행,포장 - 건조,맑음,단일로 - 기타,승용,남,31세,상해없음,보행자,여,24세,중상
1875,2019060800100522,2019년 6월 8일 19시,토요일,강원도 삼척시 정하동,경상사고,0,0,1,0,차대사람 - 차도통행중,안전운전불이행,포장 - 건조,흐림,단일로 - 기타,승합,남,54세,상해없음,보행자,남,54세,경상
1876,2019060800100593,2019년 6월 8일 21시,토요일,강원도 강릉시 내곡동,경상사고,0,0,1,0,차대사람 - 횡단중,보행자보호의무위반,포장 - 건조,맑음,교차로 - 교차로부근,승용,남,62세,상해없음,보행자,남,67세,경상
1877,2019060900100056,2019년 6월 9일 02시,일요일,강원도 홍천군 홍천읍,사망사고,1,0,0,0,차대사람 - 기타,과속,포장 - 건조,맑음,기타 - 기타,승용,남,53세,상해없음,보행자,여,85세,사망
1878,2019060900100155,2019년 6월 9일 10시,일요일,강원도 원주시 단계동,경상사고,0,0,1,0,차대사람 - 기타,기타,포장 - 건조,맑음,기타 - 기타,승합,남,62세,상해없음,보행자,남,27세,경상
1879,2019060900100197,2019년 6월 9일 12시,일요일,강원도 원주시 단구동,경상사고,0,0,1,0,차대사람 - 횡단중,안전운전불이행,포장 - 건조,맑음,단일로 - 기타,승용,남,62세,상해없음,보행자,여,77세,경상
1880,2019060900100410,2019년 6월 9일 20시,일요일,강원도 원주시 단계동,중상사고,0,2,0,0,차대사람 - 횡단중,보행자보호의무위반,포장 - 젖음/습기,비,교차로 - 교차로안,승용,여,30세,상해없음,보행자,남,23세,중상
1881,2019060900100430,2019년 6월 9일 21시,일요일,강원도 양구군 양구읍,중상사고,0,1,0,0,차대사람 - 기타,안전운전불이행,포장 - 젖음/습기,비,교차로 - 교차로부근,승용,여,44세,상해없음,보행자,여,62세,중상
1882,2019061000100177,2019년 6월 10일 09시,월요일,강원도 춘천시 후평동,경상사고,0,0,1,0,차대사람 - 길가장자리구역통행중,안전운전불이행,포장 - 젖음/습기,비,단일로 - 기타,승용,남,62세,상해없음,보행자,남,18세,경상
1883,2019061000100433,2019년 6월 10일 16시,월요일,강원도 태백시 황지동,경상사고,0,0,1,0,차대사람 - 기타,안전운전불이행,포장 - 건조,맑음,단일로 - 기타,승용,여,41세,상해없음,보행자,남,37세,경상
1884,2019061000100656,2019년 6월 10일 23시,월요일,강원도 태백시 황지동,중상사고,0,1,0,0,차대사람 - 기타,안전운전불이행,포장 - 젖음/습기,비,단일로 - 기타,승용,남,59세,기타불명,보행자,여,25세,중상
1885,2019061100100350,2019년 6월 11일 14시,화요일,강원도 원주시 단구동,중상사고,0,1,0,0,차대사람 - 횡단중,신호위반,포장 - 건조,맑음,단일로 - 기타,승용,여,67세,상해없음,보행자,남,8세,중상
1886,2019061100100351,2019년 6월 11일 14시,화요일,강원도 원주시 단계동,경상사고,0,0,1,0,차대사람 - 횡단중,안전운전불이행,포장 - 건조,맑음,교차로 - 교차로횡단보도내,승용,남,46세,기타불명,보행자,남,22세,경상
1887,2019061100100388,2019년 6월 11일 15시,화요일,강원도 홍천군 홍천읍,경상사고,0,0,1,0,차대사람 - 차도통행중,안전운전불이행,포장 - 건조,맑음,단일로 - 기타,화물,남,50세,상해없음,보행자,남,30세,경상
1888,2019061100100441,2019년 6월 11일 17시,화요일,강원도 원주시 단계동,중상사고,0,1,0,0,차대사람 - 보도통행중,보행자보호의무위반,포장 - 건조,맑음,교차로 - 교차로안,승용,남,52세,상해없음,보행자,남,65세,중상
1889,2019061100100442,2019년 6월 11일 17시,화요일,강원도 원주시 단계동,경상사고,0,0,1,0,차대사람 - 횡단중,안전운전불이행,포장 - 건조,맑음,주차장 - 주차장,승용,남,63세,상해없음,보행자,남,56세,경상
1890,2019061100100444,2019년 6월 11일 17시,화요일,강원도 홍천군 홍천읍,중상사고,0,1,0,0,차대사람 - 기타,안전운전불이행,포장 - 건조,맑음,단일로 - 기타,화물,여,63세,상해없음,보행자,여,64세,중상
1891,2019061100100484,2019년 6월 11일 18시,화요일,강원도 춘천시 소양로2가,경상사고,0,0,1,0,차대사람 - 보도통행중,보행자보호의무위반,포장 - 건조,맑음,단일로 - 기타,승용,남,61세,상해없음,보행자,여,20세,경상
1892,2019061200100130,2019년 6월 12일 08시,수요일,강원도 홍천군 화촌면,중상사고,0,1,0,0,차대사람 - 기타,안전운전불이행,포장 - 건조,맑음,주차장 - 주차장,승합,남,34세,상해없음,보행자,남,71세,중상
1893,2019061200100195,2019년 6월 12일 10시,수요일,강원도 원주시 단구동,중상사고,0,1,0,0,차대사람 - 횡단중,안전운전불이행,포장 - 건조,맑음,교차로 - 교차로안,승용,남,61세,상해없음,보행자,남,77세,중상
1894,2019061200100296,2019년 6월 12일 13시,수요일,강원도 홍천군 화촌면,경상사고,0,0,1,0,차대사람 - 기타,안전운전불이행,포장 - 건조,맑음,주차장 - 주차장,화물,남,53세,상해없음,보행자,여,36세,경상
1895,2019061200100351,2019년 6월 12일 15시,수요일,강원도 양양군 양양읍,중상사고,0,1,0,0,차대사람 - 길가장자리구역통행중,안전운전불이행,포장 - 건조,맑음,단일로 - 지하차도(도로)내,승용,남,52세,상해없음,보행자,여,74세,중상
1896,2019061300100040,2019년 6월 13일 01시,목요일,강원도 원주시 문막읍,경상사고,0,0,1,0,차대사람 - 횡단중,안전운전불이행,포장 - 건조,맑음,단일로 - 기타,기타불명,기타불명,미분류,기타불명,보행자,남,57세,경상
1897,2019061300100084,2019년 6월 13일 07시,목요일,강원도 원주시 개운동,중상사고,0,1,0,0,차대사람 - 횡단중,보행자보호의무위반,포장 - 건조,맑음,단일로 - 지하차도(도로)내,승용,여,30세,상해없음,보행자,남,32세,중상
1898,2019061300100442,2019년 6월 13일 17시,목요일,강원도 강릉시 금학동,경상사고,0,0,1,0,차대사람 - 보도통행중,안전운전불이행,포장 - 건조,맑음,주차장 - 주차장,승용,여,40세,상해없음,보행자,여,23세,경상
1899,2019061300100486,2019년 6월 13일 18시,목요일,강원도 춘천시 후평동,경상사고,0,0,1,0,차대사람 - 기타,보행자보호의무위반,포장 - 건조,맑음,단일로 - 기타,승용,남,18세,상해없음,보행자,여,24세,경상
1900,2019061400100298,2019년 6월 14일 13시,금요일,강원도 원주시 단계동,중상사고,0,1,0,0,차대사람 - 기타,안전운전불이행,포장 - 건조,맑음,단일로 - 기타,승용,남,62세,상해없음,보행자,여,34세,중상
1901,2019061400100416,2019년 6월 14일 16시,금요일,강원도 강릉시 옥천동,경상사고,0,0,1,0,차대사람 - 기타,보행자보호의무위반,포장 - 젖음/습기,비,교차로 - 교차로횡단보도내,승용,여,77세,상해없음,보행자,여,77세,경상
1902,2019061400100675,2019년 6월 14일 22시,금요일,강원도 양양군 강현면,경상사고,0,0,1,0,차대사람 - 기타,안전운전불이행,포장 - 건조,맑음,단일로 - 지하차도(도로)내,승용,남,48세,상해없음,보행자,남,31세,경상
1903,2019061500100425,2019년 6월 15일 15시,토요일,강원도 춘천시 후평동,중상사고,0,1,0,0,차대사람 - 횡단중,안전운전불이행,포장 - 건조,맑음,단일로 - 기타,승용,남,33세,상해없음,보행자,여,81세,중상
1904,2019061500100427,2019년 6월 15일 15시,토요일,강원도 속초시 청학동,부상신고사고,0,0,0,1,차대사람 - 보도통행중,기타,포장 - 건조,맑음,단일로 - 기타,이륜,남,56세,상해없음,보행자,남,66세,부상신고
1905,2019061500100598,2019년 6월 15일 19시,토요일,강원도 원주시 단구동,경상사고,0,0,1,0,차대사람 - 횡단중,안전운전불이행,포장 - 건조,맑음,교차로 - 교차로횡단보도내,승용,남,25세,상해없음,보행자,여,16세,경상
1906,2019061500100702,2019년 6월 15일 22시,토요일,강원도 속초시 영랑동,중상사고,0,1,0,0,차대사람 - 횡단중,안전운전불이행,포장 - 젖음/습기,비,기타 - 기타,승용,남,49세,상해없음,보행자,남,67세,중상
1907,2019061600100034,2019년 6월 16일 00시,일요일,강원도 속초시 조양동,부상신고사고,0,0,0,1,차대사람 - 횡단중,보행자보호의무위반,포장 - 젖음/습기,비,기타 - 기타,승용,남,31세,상해없음,보행자,남,58세,부상신고
1908,2019061600100514,2019년 6월 16일 23시,일요일,강원도 원주시 우산동,중상사고,0,1,0,0,차대사람 - 횡단중,과속,포장 - 건조,맑음,단일로 - 기타,승용,여,33세,상해없음,보행자,남,65세,중상
1909,2019061700100032,2019년 6월 17일 02시,월요일,강원도 속초시 교동,중상사고,0,1,0,0,차대사람 - 횡단중,신호위반,포장 - 건조,맑음,교차로 - 교차로횡단보도내,승용,남,24세,상해없음,보행자,여,23세,중상
1910,2019061700100235,2019년 6월 17일 11시,월요일,강원도 춘천시 동내면,경상사고,0,0,1,0,차대사람 - 기타,안전운전불이행,포장 - 건조,맑음,교차로 - 교차로안,승용,남,62세,상해없음,보행자,남,26세,경상
1911,2019061700100534,2019년 6월 17일 18시,월요일,강원도 춘천시 중앙로2가,경상사고,0,0,1,0,차대사람 - 기타,안전운전불이행,포장 - 건조,맑음,단일로 - 기타,승합,남,49세,상해없음,보행자,남,22세,경상
1912,2019061700100576,2019년 6월 17일 19시,월요일,강원도 원주시 명륜동,경상사고,0,0,1,0,차대사람 - 횡단중,안전운전불이행,포장 - 건조,맑음,교차로 - 교차로부근,승용,남,62세,상해없음,보행자,남,12세,경상
1913,2019061700100601,2019년 6월 17일 20시,월요일,강원도 강릉시 주문진읍,중상사고,0,1,0,0,차대사람 - 횡단중,보행자보호의무위반,포장 - 건조,맑음,단일로 - 기타,승용,여,41세,상해없음,보행자,남,64세,중상
1914,2019061800100375,2019년 6월 18일 15시,화요일,강원도 춘천시 근화동,경상사고,0,0,1,0,차대사람 - 횡단중,신호위반,포장 - 건조,맑음,교차로 - 교차로횡단보도내,승용,남,57세,상해없음,보행자,여,62세,경상
1915,2019061800100406,2019년 6월 18일 16시,화요일,강원도 춘천시 사농동,경상사고,0,0,1,0,차대사람 - 보도통행중,안전운전불이행,포장 - 건조,맑음,단일로 - 기타,승용,여,52세,상해없음,보행자,여,24세,경상
1916,2019061900100269,2019년 6월 19일 12시,수요일,강원도 화천군 화천읍,중상사고,0,1,0,0,차대사람 - 횡단중,보행자보호의무위반,포장 - 건조,맑음,교차로 - 교차로횡단보도내,승용,여,59세,상해없음,보행자,여,78세,중상
1917,2019062000100062,2019년 6월 20일 02시,목요일,강원도 원주시 우산동,경상사고,0,0,1,0,차대사람 - 기타,안전운전불이행,포장 - 건조,맑음,단일로 - 기타,승용,남,21세,상해없음,보행자,남,21세,경상
1918,2019062000100143,2019년 6월 20일 08시,목요일,강원도 원주시 관설동,중상사고,0,1,0,0,차대사람 - 횡단중,보행자보호의무위반,포장 - 건조,맑음,교차로 - 교차로횡단보도내,승용,남,73세,상해없음,보행자,여,66세,중상
1919,2019062000100219,2019년 6월 20일 10시,목요일,강원도 평창군 진부면,중상사고,0,1,0,0,차대사람 - 횡단중,신호위반,포장 - 건조,맑음,교차로 - 교차로횡단보도내,승용,남,66세,상해없음,보행자,여,80세,중상
1920,2019062000100340,2019년 6월 20일 14시,목요일,강원도 원주시 개운동,중상사고,0,1,0,0,차대사람 - 횡단중,신호위반,포장 - 건조,맑음,교차로 - 교차로횡단보도내,이륜,남,16세,상해없음,보행자,여,34세,중상
1921,2019062100100513,2019년 6월 21일 18시,금요일,강원도 횡성군 공근면,중상사고,0,1,0,0,차대사람 - 기타,과속,포장 - 건조,맑음,기타 - 기타,승용,남,44세,상해없음,보행자,남,48세,중상
1922,2019062100100736,2019년 6월 21일 23시,금요일,강원도 춘천시 효자동,경상사고,0,0,1,0,차대사람 - 기타,안전운전불이행,포장 - 건조,맑음,단일로 - 기타,승용,여,32세,상해없음,보행자,남,20세,경상
1923,2019062200100167,2019년 6월 22일 08시,토요일,강원도 원주시 일산동,중상사고,0,1,0,0,차대사람 - 길가장자리구역통행중,안전운전불이행,포장 - 건조,맑음,단일로 - 기타,승용,남,46세,상해없음,보행자,여,79세,중상
1924,2019062200100696,2019년 6월 22일 22시,토요일,강원도 속초시 동명동,경상사고,0,0,1,0,차대사람 - 횡단중,안전운전불이행,포장 - 건조,맑음,단일로 - 지하차도(도로)내,원동기,남,54세,상해없음,보행자,여,35세,경상
1925,2019062300100226,2019년 6월 23일 12시,일요일,강원도 원주시 일산동,경상사고,0,0,1,0,차대사람 - 기타,안전운전불이행,포장 - 건조,맑음,단일로 - 기타,승용,남,25세,상해없음,보행자,여,54세,경상
1926,2019062400100330,2019년 6월 24일 13시,월요일,강원도 강릉시 주문진읍,경상사고,0,0,1,0,차대사람 - 차도통행중,안전운전불이행,포장 - 건조,맑음,단일로 - 기타,승용,남,18세,상해없음,보행자,남,45세,경상
1927,2019062400100401,2019년 6월 24일 15시,월요일,강원도 강릉시 교동,경상사고,0,0,1,0,차대사람 - 횡단중,기타,포장 - 건조,맑음,단일로 - 기타,승용,남,74세,상해없음,보행자,남,9세,경상
1928,2019062400100637,2019년 6월 24일 20시,월요일,강원도 원주시 명륜동,경상사고,0,0,1,0,차대사람 - 횡단중,안전운전불이행,포장 - 건조,맑음,교차로 - 교차로안,승합,남,43세,상해없음,보행자,남,50세,경상
1929,2019062400100672,2019년 6월 24일 21시,월요일,강원도 동해시 부곡동,중상사고,0,1,0,0,차대사람 - 보도통행중,보행자보호의무위반,포장 - 건조,맑음,단일로 - 기타,승용,남,56세,상해없음,보행자,여,73세,중상
1930,2019062400100696,2019년 6월 24일 22시,월요일,강원도 원주시 관설동,경상사고,0,0,1,0,차대사람 - 횡단중,보행자보호의무위반,포장 - 건조,맑음,단일로 - 지하차도(도로)내,승용,여,47세,상해없음,보행자,남,55세,경상
1931,2019062500100185,2019년 6월 25일 09시,화요일,강원도 춘천시 우두동,부상신고사고,0,0,0,1,차대사람 - 보도통행중,안전운전불이행,포장 - 건조,맑음,단일로 - 기타,기타불명,기타불명,미분류,기타불명,보행자,남,5세,부상신고
1932,2019062500100282,2019년 6월 25일 12시,화요일,강원도 강릉시 저동,경상사고,0,0,1,0,차대사람 - 기타,안전운전불이행,포장 - 건조,맑음,단일로 - 기타,승용,여,46세,상해없음,보행자,남,66세,경상
1933,2019062500100307,2019년 6월 25일 13시,화요일,강원도 원주시 개운동,중상사고,0,1,0,0,차대사람 - 차도통행중,안전운전불이행,포장 - 건조,맑음,단일로 - 기타,승용,남,56세,상해없음,보행자,남,63세,중상
1934,2019062500100615,2019년 6월 25일 19시,화요일,강원도 원주시 학성동,경상사고,0,0,1,0,차대사람 - 기타,보행자보호의무위반,포장 - 건조,맑음,교차로 - 교차로횡단보도내,승용,여,49세,기타불명,보행자,여,60세,경상
1935,2019062600100158,2019년 6월 26일 09시,수요일,강원도 원주시 단계동,중상사고,0,1,0,0,차대사람 - 기타,안전운전불이행,포장 - 건조,맑음,교차로 - 교차로횡단보도내,화물,남,26세,상해없음,보행자,여,81세,중상
1936,2019062600100484,2019년 6월 26일 17시,수요일,강원도 동해시 천곡동,경상사고,0,0,1,0,차대사람 - 횡단중,보행자보호의무위반,포장 - 건조,맑음,교차로 - 교차로횡단보도내,화물,남,53세,상해없음,보행자,여,88세,경상
1937,2019062600100529,2019년 6월 26일 18시,수요일,강원도 삼척시 도계읍,중상사고,0,1,0,0,차대사람 - 횡단중,안전운전불이행,포장 - 건조,맑음,교차로 - 교차로안,화물,남,56세,상해없음,보행자,남,65세,중상
1938,2019062700100028,2019년 6월 27일 00시,목요일,강원도 속초시 조양동,사망사고,1,0,0,0,차대사람 - 횡단중,안전운전불이행,포장 - 건조,맑음,단일로 - 지하차도(도로)내,승합,남,64세,상해없음,보행자,남,56세,사망
1939,2019062700100242,2019년 6월 27일 11시,목요일,강원도 홍천군 홍천읍,중상사고,0,1,0,0,차대사람 - 횡단중,보행자보호의무위반,포장 - 건조,맑음,교차로 - 교차로횡단보도내,승용,여,55세,상해없음,보행자,여,52세,중상
1940,2019062700100511,2019년 6월 27일 18시,목요일,강원도 춘천시 서면,경상사고,0,0,1,0,차대사람 - 길가장자리구역통행중,안전운전불이행,포장 - 건조,맑음,단일로 - 기타,화물,남,83세,상해없음,보행자,여,67세,경상
1941,2019062800100344,2019년 6월 28일 14시,금요일,강원도 삼척시 정상동,경상사고,0,0,1,0,차대사람 - 횡단중,안전운전불이행,포장 - 건조,맑음,단일로 - 기타,화물,남,53세,상해없음,보행자,여,16세,경상
1942,2019062800100709,2019년 6월 28일 23시,금요일,강원도 원주시 단계동,경상사고,0,0,2,0,차대사람 - 횡단중,보행자보호의무위반,포장 - 건조,맑음,단일로 - 지하차도(도로)내,승용,남,26세,상해없음,보행자,남,57세,경상
1943,2019062900100059,2019년 6월 29일 01시,토요일,강원도 양양군 현남면,경상사고,0,0,1,0,차대사람 - 차도통행중,중앙선침범,포장 - 젖음/습기,비,단일로 - 기타,승용,남,27세,상해없음,보행자,여,27세,경상
1944,2019062900100156,2019년 6월 29일 08시,토요일,강원도 원주시 명륜동,경상사고,0,0,1,0,차대사람 - 차도통행중,신호위반,포장 - 젖음/습기,비,교차로 - 교차로안,승용,여,41세,상해없음,보행자,여,37세,경상
1945,2019062900100414,2019년 6월 29일 16시,토요일,강원도 삼척시 적노동,경상사고,0,0,1,0,차대사람 - 기타,안전운전불이행,포장 - 건조,흐림,단일로 - 기타,승용,남,53세,상해없음,보행자,남,49세,경상
1946,2019062900100620,2019년 6월 29일 22시,토요일,강원도 춘천시 효자동,경상사고,0,0,1,0,차대사람 - 기타,안전운전불이행,포장 - 건조,맑음,단일로 - 기타,승용,남,34세,상해없음,보행자,여,20세,경상
1947,2019062900100645,2019년 6월 29일 23시,토요일,강원도 횡성군 둔내면,중상사고,0,1,0,0,차대사람 - 차도통행중,안전운전불이행,포장 - 건조,맑음,단일로 - 기타,화물,남,72세,상해없음,보행자,남,25세,중상
1948,2019063000100161,2019년 6월 30일 11시,일요일,강원도 횡성군 횡성읍,중상사고,0,1,0,0,차대사람 - 기타,기타,포장 - 건조,맑음,단일로 - 기타,승용,남,81세,상해없음,보행자,남,57세,중상
1949,2019070100100130,2019년 7월 1일 08시,월요일,강원도 강릉시 옥천동,경상사고,0,0,1,0,차대사람 - 기타,기타,포장 - 건조,맑음,교차로 - 교차로안,화물,남,51세,상해없음,보행자,여,63세,경상
1950,2019070100100134,2019년 7월 1일 08시,월요일,강원도 양양군 양양읍,경상사고,0,0,1,0,차대사람 - 보도통행중,안전운전불이행,포장 - 건조,맑음,단일로 - 기타,화물,남,44세,상해없음,보행자,여,13세,경상
1951,2019070100100324,2019년 7월 1일 13시,월요일,강원도 원주시 명륜동,중상사고,0,1,0,0,차대사람 - 횡단중,보행자보호의무위반,포장 - 건조,맑음,교차로 - 교차로횡단보도내,승용,남,55세,상해없음,보행자,남,68세,중상
1952,2019070100100654,2019년 7월 1일 22시,월요일,강원도 평창군 봉평면,중상사고,0,1,0,0,차대사람 - 차도통행중,안전운전불이행,포장 - 건조,맑음,단일로 - 기타,승용,남,23세,상해없음,보행자,남,59세,중상
1953,2019070200100139,2019년 7월 2일 08시,화요일,강원도 강릉시 포남동,중상사고,0,1,0,0,차대사람 - 횡단중,안전운전불이행,포장 - 건조,맑음,교차로 - 교차로부근,화물,남,52세,상해없음,보행자,여,36세,중상
1954,2019070200100335,2019년 7월 2일 14시,화요일,강원도 춘천시 후평동,중상사고,0,1,0,0,차대사람 - 횡단중,안전운전불이행,포장 - 건조,맑음,단일로 - 기타,승용,여,36세,상해없음,보행자,여,77세,중상
1955,2019070200100441,2019년 7월 2일 17시,화요일,강원도 강릉시 포남동,경상사고,0,0,1,0,차대사람 - 기타,안전운전불이행,포장 - 건조,맑음,단일로 - 기타,승용,여,57세,상해없음,보행자,여,15세,경상
1956,2019070200100479,2019년 7월 2일 18시,화요일,강원도 춘천시 동면,경상사고,0,0,1,0,차대사람 - 횡단중,안전운전불이행,포장 - 건조,맑음,교차로 - 교차로부근,승용,남,35세,상해없음,보행자,여,77세,경상
1957,2019070200100482,2019년 7월 2일 18시,화요일,강원도 정선군 고한읍,경상사고,0,0,1,0,차대사람 - 기타,안전운전불이행,포장 - 건조,맑음,기타 - 기타,승용,남,51세,상해없음,보행자,여,44세,경상
1958,2019070200100559,2019년 7월 2일 20시,화요일,강원도 춘천시 석사동,경상사고,0,0,1,0,차대사람 - 기타,안전운전불이행,포장 - 건조,맑음,단일로 - 기타,자전거,남,59세,상해없음,보행자,남,35세,경상
1959,2019070200100584,2019년 7월 2일 21시,화요일,강원도 양구군 양구읍,경상사고,0,0,1,0,차대사람 - 차도통행중,보행자보호의무위반,포장 - 건조,맑음,교차로 - 교차로안,승합,남,31세,상해없음,보행자,남,55세,경상
1960,2019070300100490,2019년 7월 3일 18시,수요일,강원도 삼척시 사직동,중상사고,0,1,0,0,차대사람 - 횡단중,보행자보호의무위반,포장 - 건조,흐림,교차로 - 교차로안,승용,남,59세,상해없음,보행자,남,55세,중상
1961,2019070300100491,2019년 7월 3일 18시,수요일,강원도 동해시 천곡동,중상사고,0,1,0,0,차대사람 - 길가장자리구역통행중,안전운전불이행,포장 - 건조,맑음,단일로 - 기타,승용,남,25세,상해없음,보행자,여,64세,중상
1962,2019070400100072,2019년 7월 4일 06시,목요일,강원도 원주시 명륜동,중상사고,0,1,0,0,차대사람 - 횡단중,보행자보호의무위반,포장 - 건조,맑음,교차로 - 교차로횡단보도내,승용,남,52세,상해없음,보행자,여,74세,중상
1963,2019070400100394,2019년 7월 4일 15시,목요일,강원도 원주시 태장동,경상사고,0,0,1,0,차대사람 - 횡단중,보행자보호의무위반,포장 - 건조,맑음,단일로 - 기타,승용,여,57세,상해없음,보행자,남,17세,경상
1964,2019070400100427,2019년 7월 4일 16시,목요일,강원도 원주시 우산동,경상사고,0,0,1,0,차대사람 - 횡단중,안전운전불이행,포장 - 건조,맑음,단일로 - 기타,승용,남,55세,상해없음,보행자,여,55세,경상
1965,2019070400100559,2019년 7월 4일 19시,목요일,강원도 춘천시 석사동,경상사고,0,0,1,0,차대사람 - 횡단중,보행자보호의무위반,포장 - 건조,맑음,교차로 - 교차로횡단보도내,승용,남,29세,상해없음,보행자,남,5세,경상
1966,2019070500100238,2019년 7월 5일 11시,금요일,강원도 춘천시 퇴계동,중상사고,0,1,0,0,차대사람 - 기타,안전운전불이행,포장 - 건조,맑음,단일로 - 기타,화물,여,54세,상해없음,보행자,여,59세,중상
1967,2019070500100430,2019년 7월 5일 16시,금요일,강원도 원주시 무실동,중상사고,0,1,0,0,차대사람 - 횡단중,보행자보호의무위반,포장 - 건조,맑음,교차로 - 교차로횡단보도내,화물,남,43세,상해없음,보행자,여,20세,중상
1968,2019070500100640,2019년 7월 5일 21시,금요일,강원도 원주시 단계동,경상사고,0,0,1,0,차대사람 - 길가장자리구역통행중,안전운전불이행,포장 - 건조,맑음,단일로 - 기타,승용,여,58세,상해없음,보행자,남,41세,경상
1969,2019070600100311,2019년 7월 6일 12시,토요일,강원도 원주시 단계동,경상사고,0,0,1,0,차대사람 - 기타,안전운전불이행,포장 - 건조,맑음,단일로 - 기타,승용,남,46세,상해없음,보행자,남,39세,경상
1970,2019070600100691,2019년 7월 6일 22시,토요일,강원도 춘천시 석사동,경상사고,0,0,1,0,차대사람 - 횡단중,안전운전불이행,포장 - 건조,맑음,교차로 - 교차로안,승용,여,45세,상해없음,보행자,여,54세,경상
1971,2019070700100261,2019년 7월 7일 14시,일요일,강원도 원주시 중앙동,중상사고,0,1,0,0,차대사람 - 횡단중,보행자보호의무위반,포장 - 건조,맑음,교차로 - 교차로횡단보도내,이륜,남,16세,상해없음,보행자,여,60세,중상
1972,2019070700100332,2019년 7월 7일 16시,일요일,강원도 원주시 단구동,경상사고,0,0,1,0,차대사람 - 보도통행중,보행자보호의무위반,포장 - 건조,맑음,교차로 - 교차로횡단보도내,승용,여,60세,상해없음,보행자,여,11세,경상
1973,2019070800100120,2019년 7월 8일 08시,월요일,강원도 원주시 문막읍,중상사고,0,1,0,0,차대사람 - 횡단중,안전운전불이행,포장 - 건조,맑음,단일로 - 기타,승용,남,56세,상해없음,보행자,여,90세 이상,중상