,사고번호,사고일시,요일,시군구,사고내용,사망자수,중상자수,경상자수,부상신고자수,사고유형,법규위반,노면상태,기상상태,도로형태,가해운전자 차종,가해운전자 성별,가해운전자 연령,가해운전자 상해정도,피해운전자 차종,피해운전자 성별,피해운전자 연령,피해운전자 상해정도
2396,2019101900100361,2019년 10월 19일 14시,토요일,강원도 동해시 발한동,경상사고,0,0,1,0,차대사람 - 기타,안전운전불이행,포장 - 건조,맑음,단일로 - 기타,승용,여,43세,상해없음,보행자,남,61세,경상
2397,2019101900100402,2019년 10월 19일 15시,토요일,강원도 강릉시 견소동,부상신고사고,0,0,0,1,차대사람 - 길가장자리구역통행중,안전운전불이행,포장 - 건조,맑음,단일로 - 기타,승용,여,34세,상해없음,보행자,남,27세,부상신고
2398,2019101900100403,2019년 10월 19일 15시,토요일,강원도 강릉시 사천면,경상사고,0,0,1,0,차대사람 - 차도통행중,안전운전불이행,포장 - 건조,맑음,주차장 - 주차장,승용,남,25세,상해없음,보행자,여,34세,경상
2399,2019101900100499,2019년 10월 19일 17시,토요일,강원도 태백시 소도동,중상사고,0,1,0,0,차대사람 - 차도통행중,안전운전불이행,포장 - 건조,맑음,단일로 - 기타,승용,남,43세,상해없음,보행자,남,65세,중상
2400,2019101900100542,2019년 10월 19일 18시,토요일,강원도 강릉시 성남동,경상사고,0,0,1,0,차대사람 - 차도통행중,안전운전불이행,포장 - 건조,맑음,단일로 - 기타,승용,남,50세,상해없음,보행자,남,43세,경상
2401,2019102000100208,2019년 10월 20일 12시,일요일,강원도 횡성군 안흥면,중상사고,0,1,0,0,차대사람 - 횡단중,안전운전불이행,포장 - 건조,맑음,주차장 - 주차장,승용,남,41세,상해없음,보행자,여,57세,중상
2402,2019102000100318,2019년 10월 20일 15시,일요일,강원도 홍천군 내면,경상사고,0,0,1,0,차대사람 - 기타,안전운전불이행,비포장 - 건조,맑음,단일로 - 기타,승용,남,67세,상해없음,보행자,여,70세,경상
2403,2019102000100492,2019년 10월 20일 20시,일요일,강원도 횡성군 횡성읍,중상사고,0,1,0,0,차대사람 - 기타,안전운전불이행,포장 - 건조,맑음,단일로 - 기타,승용,남,59세,상해없음,보행자,남,59세,기타불명
2404,2019102100100133,2019년 10월 21일 08시,월요일,강원도 강릉시 옥천동,중상사고,0,1,0,0,차대사람 - 횡단중,안전운전불이행,포장 - 건조,맑음,교차로 - 교차로부근,승용,남,53세,상해없음,보행자,남,75세,중상
2405,2019102100100178,2019년 10월 21일 09시,월요일,강원도 홍천군 내면,경상사고,0,0,1,0,차대사람 - 기타,안전운전불이행,포장 - 건조,맑음,단일로 - 기타,승용,여,56세,상해없음,보행자,여,55세,경상
2406,2019102100100525,2019년 10월 21일 17시,월요일,강원도 원주시 개운동,중상사고,0,1,0,0,차대사람 - 기타,안전운전불이행,포장 - 건조,맑음,단일로 - 기타,승합,남,58세,상해없음,보행자,여,68세,중상
2407,2019102100100526,2019년 10월 21일 17시,월요일,강원도 화천군 사내면,중상사고,0,1,0,0,차대사람 - 횡단중,안전운전불이행,포장 - 건조,맑음,단일로 - 기타,승용,여,43세,상해없음,보행자,여,11세,중상
2408,2019102200100084,2019년 10월 22일 06시,화요일,강원도 춘천시 퇴계동,사망사고,1,0,0,0,차대사람 - 횡단중,보행자보호의무위반,포장 - 건조,맑음,교차로 - 교차로횡단보도내,승용,남,68세,상해없음,보행자,남,73세,사망
2409,2019102200100401,2019년 10월 22일 15시,화요일,강원도 춘천시 동내면,경상사고,0,0,1,0,차대사람 - 횡단중,안전운전불이행,포장 - 건조,맑음,단일로 - 기타,승용,여,30세,상해없음,보행자,남,8세,경상
2410,2019102200100442,2019년 10월 22일 16시,화요일,강원도 춘천시 효자동,경상사고,0,0,1,0,차대사람 - 기타,안전운전불이행,포장 - 건조,맑음,기타 - 기타,기타불명,기타불명,미분류,기타불명,보행자,남,20세,경상
2411,2019102300100108,2019년 10월 23일 07시,수요일,강원도 태백시 황지동,경상사고,0,0,1,0,차대사람 - 횡단중,보행자보호의무위반,포장 - 건조,맑음,교차로 - 교차로횡단보도내,승용,남,62세,상해없음,보행자,여,50세,경상
2412,2019102300100405,2019년 10월 23일 16시,수요일,강원도 속초시 교동,중상사고,0,1,0,0,차대사람 - 횡단중,안전운전불이행,포장 - 건조,맑음,단일로 - 지하차도(도로)내,화물,남,48세,상해없음,보행자,여,83세,중상
2413,2019102300100497,2019년 10월 23일 18시,수요일,강원도 삼척시 정상동,경상사고,0,0,1,0,차대사람 - 횡단중,보행자보호의무위반,포장 - 건조,맑음,교차로 - 교차로안,승용,여,51세,상해없음,보행자,여,58세,경상
2414,2019102300100562,2019년 10월 23일 19시,수요일,강원도 원주시 태장동,경상사고,0,0,1,0,차대사람 - 횡단중,신호위반,포장 - 건조,맑음,교차로 - 교차로횡단보도내,이륜,남,55세,상해없음,보행자,남,7세,경상
2415,2019102300100626,2019년 10월 23일 21시,수요일,강원도 춘천시 후평동,경상사고,0,0,1,0,차대사람 - 기타,안전운전불이행,포장 - 건조,맑음,교차로 - 교차로부근,승용,여,57세,상해없음,보행자,남,38세,경상
2416,2019102400100148,2019년 10월 24일 08시,목요일,강원도 강릉시 옥천동,경상사고,0,0,1,0,차대사람 - 횡단중,보행자보호의무위반,포장 - 건조,맑음,교차로 - 교차로횡단보도내,승합,남,56세,상해없음,보행자,남,70세,경상
2417,2019102400100550,2019년 10월 24일 18시,목요일,강원도 삼척시 남양동,중상사고,0,1,0,0,차대사람 - 횡단중,안전운전불이행,포장 - 젖음/습기,비,단일로 - 지하차도(도로)내,승합,남,65세,상해없음,보행자,남,87세,중상
2418,2019102400100611,2019년 10월 24일 19시,목요일,강원도 양양군 양양읍,중상사고,0,1,0,0,차대사람 - 차도통행중,안전운전불이행,포장 - 건조,맑음,단일로 - 기타,승용,여,43세,상해없음,보행자,남,50세,중상
2419,2019102500100190,2019년 10월 25일 09시,금요일,강원도 동해시 발한동,중상사고,0,1,0,0,차대사람 - 횡단중,보행자보호의무위반,포장 - 젖음/습기,흐림,단일로 - 기타,승용,남,19세,상해없음,보행자,여,81세,중상
2420,2019102500100475,2019년 10월 25일 16시,금요일,강원도 춘천시 석사동,경상사고,0,0,1,0,차대사람 - 보도통행중,보행자보호의무위반,포장 - 건조,맑음,교차로 - 교차로안,승용,여,61세,상해없음,보행자,남,9세,경상
2421,2019102500100676,2019년 10월 25일 19시,금요일,강원도 원주시 단계동,경상사고,0,0,1,0,차대사람 - 횡단중,보행자보호의무위반,포장 - 건조,맑음,기타 - 기타,승용,남,52세,상해없음,보행자,여,50세,경상
2422,2019102600100327,2019년 10월 26일 13시,토요일,강원도 춘천시 효자동,경상사고,0,0,1,0,차대사람 - 기타,안전운전불이행,포장 - 건조,맑음,기타 - 기타,화물,남,47세,상해없음,보행자,남,74세,경상
2423,2019102600100372,2019년 10월 26일 14시,토요일,강원도 강릉시 임당동,경상사고,0,0,1,0,차대사람 - 길가장자리구역통행중,안전운전불이행,포장 - 건조,맑음,단일로 - 기타,이륜,여,59세,상해없음,보행자,여,48세,경상
2424,2019102600100458,2019년 10월 26일 16시,토요일,강원도 원주시 소초면,경상사고,0,0,1,0,차대사람 - 기타,안전운전불이행,포장 - 건조,맑음,단일로 - 기타,승용,남,66세,상해없음,보행자,여,57세,경상
2425,2019102600100577,2019년 10월 26일 19시,토요일,강원도 강릉시 옥천동,경상사고,0,0,1,0,차대사람 - 기타,안전운전불이행,포장 - 건조,맑음,단일로 - 기타,승용,남,40세,상해없음,보행자,남,80세,경상
2426,2019102600100660,2019년 10월 26일 21시,토요일,강원도 원주시 명륜동,경상사고,0,0,1,0,차대사람 - 횡단중,안전운전불이행,포장 - 건조,맑음,교차로 - 교차로횡단보도내,화물,남,58세,상해없음,보행자,남,30세,경상
2427,2019102700100288,2019년 10월 27일 13시,일요일,강원도 춘천시 근화동,경상사고,0,0,1,0,차대사람 - 차도통행중,신호위반,포장 - 건조,맑음,단일로 - 기타,자전거,남,58세,상해없음,보행자,남,38세,경상
2428,2019102700100491,2019년 10월 27일 18시,일요일,강원도 정선군 신동읍,경상사고,0,0,1,0,차대사람 - 기타,안전운전불이행,포장 - 건조,맑음,단일로 - 기타,승용,여,22세,상해없음,보행자,남,14세,경상
2429,2019102700100593,2019년 10월 27일 21시,일요일,강원도 횡성군 횡성읍,경상사고,0,0,1,0,차대사람 - 기타,안전운전불이행,포장 - 건조,맑음,교차로 - 교차로안,승용,여,29세,상해없음,보행자,남,64세,경상
2430,2019102700100632,2019년 10월 27일 23시,일요일,강원도 강릉시 포남동,중상사고,0,1,0,0,차대사람 - 횡단중,과속,포장 - 건조,맑음,교차로 - 교차로부근,승용,남,30세,상해없음,보행자,남,24세,중상
2431,2019102800100208,2019년 10월 28일 10시,월요일,강원도 강릉시 내곡동,경상사고,0,0,2,0,차대사람 - 기타,안전운전불이행,포장 - 건조,맑음,단일로 - 기타,승합,남,43세,상해없음,보행자,남,36세,경상
2432,2019102800100260,2019년 10월 28일 11시,월요일,강원도 강릉시 주문진읍,경상사고,0,0,2,0,차대사람 - 보도통행중,보행자보호의무위반,포장 - 건조,맑음,교차로 - 교차로안,승용,여,54세,상해없음,보행자,남,47세,경상
2433,2019102800100443,2019년 10월 28일 16시,월요일,강원도 원주시 개운동,경상사고,0,0,1,0,차대사람 - 길가장자리구역통행중,교차로운행방법위반,포장 - 건조,맑음,교차로 - 교차로부근,화물,남,76세,상해없음,보행자,남,16세,경상
2434,2019102800100607,2019년 10월 28일 19시,월요일,강원도 춘천시 후평동,경상사고,0,0,1,0,차대사람 - 기타,안전운전불이행,포장 - 건조,맑음,교차로 - 교차로안,승합,여,59세,상해없음,보행자,남,73세,경상
2435,2019102800100638,2019년 10월 28일 20시,월요일,강원도 춘천시 조양동,중상사고,0,1,0,0,차대사람 - 기타,안전운전불이행,포장 - 건조,맑음,단일로 - 기타,승용,남,36세,상해없음,보행자,여,13세,중상
2436,2019102900100271,2019년 10월 29일 11시,화요일,강원도 원주시 단구동,경상사고,0,0,1,0,차대사람 - 기타,보행자보호의무위반,포장 - 건조,맑음,교차로 - 교차로횡단보도내,승용,남,71세,상해없음,보행자,여,21세,경상
2437,2019102900100294,2019년 10월 29일 12시,화요일,강원도 철원군 갈말읍,경상사고,0,0,1,0,차대사람 - 기타,안전운전불이행,포장 - 건조,맑음,단일로 - 기타,승용,남,29세,상해없음,보행자,남,67세,경상
2438,2019102900100410,2019년 10월 29일 15시,화요일,강원도 홍천군 홍천읍,경상사고,0,0,1,0,차대사람 - 횡단중,안전운전불이행,포장 - 건조,맑음,교차로 - 교차로부근,승용,남,76세,상해없음,보행자,여,16세,경상
2439,2019102900100505,2019년 10월 29일 17시,화요일,강원도 원주시 문막읍,중상사고,0,1,0,0,차대사람 - 횡단중,안전운전불이행,포장 - 건조,맑음,단일로 - 기타,승용,남,39세,상해없음,보행자,여,72세,중상
2440,2019103000100213,2019년 10월 30일 09시,수요일,강원도 삼척시 교동,중상사고,0,1,0,0,차대사람 - 횡단중,과속,포장 - 건조,맑음,단일로 - 기타,승용,여,43세,상해없음,보행자,남,71세,중상
2441,2019103000100214,2019년 10월 30일 09시,수요일,강원도 태백시 황지동,경상사고,0,0,1,0,차대사람 - 횡단중,안전운전불이행,포장 - 건조,맑음,교차로 - 교차로안,승용,여,51세,상해없음,보행자,남,81세,경상
2442,2019103000100403,2019년 10월 30일 14시,수요일,강원도 원주시 개운동,경상사고,0,0,1,0,차대사람 - 기타,신호위반,포장 - 건조,맑음,교차로 - 교차로부근,승용,남,67세,상해없음,보행자,남,67세,경상
2443,2019103000100404,2019년 10월 30일 14시,수요일,강원도 원주시 태장동,중상사고,0,1,0,0,차대사람 - 차도통행중,안전운전불이행,포장 - 건조,맑음,단일로 - 기타,승용,여,47세,상해없음,보행자,여,71세,중상
2444,2019103000100551,2019년 10월 30일 17시,수요일,강원도 홍천군 홍천읍,경상사고,0,0,1,0,차대사람 - 기타,보행자보호의무위반,포장 - 건조,맑음,교차로 - 교차로부근,화물,남,63세,상해없음,보행자,남,68세,경상
2445,2019103000100674,2019년 10월 30일 19시,수요일,강원도 원주시 명륜동,경상사고,0,0,1,0,차대사람 - 기타,안전운전불이행,포장 - 건조,맑음,단일로 - 기타,승합,남,64세,상해없음,보행자,여,45세,경상
2446,2019103100100290,2019년 10월 31일 12시,목요일,강원도 강릉시 주문진읍,중상사고,0,1,0,0,차대사람 - 기타,기타,포장 - 건조,맑음,단일로 - 기타,승합,남,51세,상해없음,보행자,여,72세,중상
2447,2019103100100496,2019년 10월 31일 17시,목요일,강원도 춘천시 퇴계동,경상사고,0,0,1,0,차대사람 - 기타,기타,포장 - 건조,맑음,기타 - 기타,기타불명,기타불명,미분류,기타불명,보행자,남,22세,경상
2448,2019103100100610,2019년 10월 31일 19시,목요일,강원도 인제군 북면,중상사고,0,1,0,0,차대사람 - 횡단중,보행자보호의무위반,포장 - 건조,맑음,교차로 - 교차로안,승용,남,42세,상해없음,보행자,여,63세,중상
2449,2019110100100086,2019년 11월 1일 05시,금요일,강원도 동해시 발한동,중상사고,0,1,0,0,차대사람 - 길가장자리구역통행중,안전운전불이행,포장 - 건조,맑음,교차로 - 교차로부근,승용,남,64세,상해없음,보행자,여,76세,중상
2450,2019110100100163,2019년 11월 1일 08시,금요일,강원도 춘천시 북산면,중상사고,0,1,0,0,차대사람 - 횡단중,안전운전불이행,포장 - 젖음/습기,안개,단일로 - 기타,승용,여,30세,상해없음,보행자,남,81세,중상
2451,2019110100100164,2019년 11월 1일 08시,금요일,강원도 강릉시 옥천동,경상사고,0,0,1,0,차대사람 - 차도통행중,안전운전불이행,포장 - 건조,맑음,단일로 - 기타,승용,여,57세,상해없음,보행자,남,53세,경상
2452,2019110100100292,2019년 11월 1일 11시,금요일,강원도 속초시 조양동,경상사고,0,0,1,0,차대사람 - 차도통행중,안전운전불이행,포장 - 건조,맑음,기타 - 기타,승용,남,78세,상해없음,보행자,남,57세,경상
2453,2019110100100371,2019년 11월 1일 13시,금요일,강원도 삼척시 도계읍,경상사고,0,0,1,0,차대사람 - 차도통행중,안전운전불이행,포장 - 건조,맑음,단일로 - 교량,승용,여,31세,상해없음,보행자,여,19세,경상
2454,2019110100100454,2019년 11월 1일 15시,금요일,강원도 속초시 동명동,중상사고,0,1,0,0,차대사람 - 길가장자리구역통행중,안전운전불이행,포장 - 건조,맑음,주차장 - 주차장,승용,남,35세,상해없음,보행자,여,59세,중상
2455,2019110100100536,2019년 11월 1일 17시,금요일,강원도 강릉시 교동,중상사고,0,1,0,0,차대사람 - 기타,안전운전불이행,포장 - 건조,기타,미분류 - 미분류,승용,남,66세,상해없음,보행자,여,59세,중상
2456,2019110100100594,2019년 11월 1일 18시,금요일,강원도 춘천시 사농동,경상사고,0,0,1,0,차대사람 - 횡단중,보행자보호의무위반,포장 - 건조,맑음,교차로 - 교차로횡단보도내,승용,남,55세,상해없음,보행자,여,67세,경상
2457,2019110200100097,2019년 11월 2일 05시,토요일,강원도 원주시 태장동,사망사고,1,0,0,0,차대사람 - 횡단중,안전운전불이행,포장 - 건조,맑음,단일로 - 기타,화물,남,50세,상해없음,보행자,여,67세,사망
2458,2019110200100438,2019년 11월 2일 15시,토요일,강원도 춘천시 후평동,중상사고,0,1,0,0,차대사람 - 기타,안전운전불이행,포장 - 건조,맑음,교차로 - 교차로안,승용,남,42세,상해없음,보행자,여,73세,중상
2459,2019110200100482,2019년 11월 2일 16시,토요일,강원도 횡성군 청일면,중상사고,0,1,0,0,차대사람 - 횡단중,안전운전불이행,포장 - 건조,맑음,단일로 - 기타,화물,남,66세,상해없음,보행자,여,60세,중상
2460,2019110200100516,2019년 11월 2일 17시,토요일,강원도 춘천시 석사동,경상사고,0,0,1,0,차대사람 - 기타,안전운전불이행,포장 - 건조,맑음,교차로 - 교차로안,화물,남,29세,상해없음,보행자,여,21세,경상
2461,2019110200100672,2019년 11월 2일 20시,토요일,강원도 춘천시 퇴계동,경상사고,0,0,1,0,차대사람 - 길가장자리구역통행중,안전운전불이행,포장 - 건조,맑음,교차로 - 교차로안,승용,남,62세,상해없음,보행자,남,62세,경상
2462,2019110200100673,2019년 11월 2일 20시,토요일,강원도 원주시 단계동,중상사고,0,1,0,0,차대사람 - 차도통행중,보행자보호의무위반,포장 - 건조,맑음,주차장 - 주차장,승합,남,61세,상해없음,보행자,여,29세,중상
2463,2019110200100702,2019년 11월 2일 21시,토요일,강원도 춘천시 우두동,경상사고,0,0,1,0,차대사람 - 길가장자리구역통행중,신호위반,포장 - 건조,맑음,단일로 - 기타,이륜,남,52세,상해없음,보행자,남,23세,경상
2464,2019110200100704,2019년 11월 2일 21시,토요일,강원도 양양군 양양읍,경상사고,0,0,1,0,차대사람 - 차도통행중,안전운전불이행,포장 - 건조,맑음,기타 - 기타,승합,남,47세,상해없음,보행자,남,60세,경상
2465,2019110300100210,2019년 11월 3일 12시,일요일,강원도 횡성군 횡성읍,경상사고,0,0,1,0,차대사람 - 기타,보행자보호의무위반,포장 - 건조,맑음,교차로 - 교차로횡단보도내,승용,여,26세,상해없음,보행자,여,18세,경상
2466,2019110300100414,2019년 11월 3일 18시,일요일,강원도 속초시 금호동,경상사고,0,0,1,0,차대사람 - 횡단중,안전운전불이행,포장 - 젖음/습기,흐림,단일로 - 기타,승용,여,53세,상해없음,보행자,여,14세,경상
2467,2019110300100479,2019년 11월 3일 20시,일요일,강원도 강릉시 내곡동,중상사고,0,1,0,0,차대사람 - 횡단중,안전운전불이행,포장 - 젖음/습기,비,단일로 - 교량,승용,남,34세,상해없음,보행자,남,39세,중상
2468,2019110300100500,2019년 11월 3일 21시,일요일,강원도 원주시 관설동,중상사고,0,1,0,0,차대사람 - 횡단중,보행자보호의무위반,포장 - 건조,맑음,교차로 - 교차로안,승합,여,42세,상해없음,보행자,남,64세,중상
2469,2019110400100279,2019년 11월 4일 11시,월요일,강원도 원주시 신림면,경상사고,0,0,1,0,차대사람 - 횡단중,보행자보호의무위반,포장 - 건조,맑음,교차로 - 교차로횡단보도내,승용,여,66세,상해없음,보행자,남,90세 이상,경상
2470,2019110400100280,2019년 11월 4일 11시,월요일,강원도 철원군 서면,중상사고,0,1,0,0,차대사람 - 기타,기타,포장 - 건조,맑음,주차장 - 주차장,승용,남,62세,상해없음,보행자,여,33세,중상
2471,2019110400100361,2019년 11월 4일 13시,월요일,강원도 홍천군 홍천읍,경상사고,0,0,1,0,차대사람 - 차도통행중,안전운전불이행,포장 - 건조,맑음,단일로 - 기타,승용,여,46세,상해없음,보행자,여,72세,경상
2472,2019110400100452,2019년 11월 4일 15시,월요일,강원도 속초시 중앙동,경상사고,0,0,1,0,차대사람 - 차도통행중,안전운전불이행,포장 - 건조,맑음,교차로 - 교차로부근,승용,남,70세,상해없음,보행자,여,60세,경상
2473,2019110400100502,2019년 11월 4일 16시,월요일,강원도 춘천시 효자동,중상사고,0,1,0,0,차대사람 - 횡단중,보행자보호의무위반,포장 - 건조,맑음,교차로 - 교차로횡단보도내,승용,남,73세,상해없음,보행자,여,60세,중상
2474,2019110400100551,2019년 11월 4일 17시,월요일,강원도 속초시 교동,경상사고,0,0,1,0,차대사람 - 차도통행중,안전운전불이행,포장 - 건조,맑음,교차로 - 교차로안,승용,남,54세,상해없음,보행자,여,9세,경상
2475,2019110400100614,2019년 11월 4일 18시,월요일,강원도 춘천시 후평동,중상사고,0,1,0,0,차대사람 - 횡단중,보행자보호의무위반,포장 - 건조,맑음,단일로 - 기타,승용,남,63세,상해없음,보행자,여,70세,중상
2476,2019110400100733,2019년 11월 4일 21시,월요일,강원도 춘천시 석사동,중상사고,0,1,0,0,차대사람 - 횡단중,안전운전불이행,포장 - 건조,맑음,단일로 - 기타,이륜,남,16세,상해없음,보행자,남,48세,중상
2477,2019110500100043,2019년 11월 5일 01시,화요일,강원도 철원군 갈말읍,사망사고,1,0,0,0,차대사람 - 기타,안전운전불이행,포장 - 건조,맑음,단일로 - 기타,승용,남,27세,상해없음,보행자,남,49세,사망
2478,2019110500100282,2019년 11월 5일 11시,화요일,강원도 삼척시 교동,경상사고,0,0,1,0,차대사람 - 기타,안전운전불이행,포장 - 건조,맑음,단일로 - 기타,화물,남,22세,상해없음,보행자,남,32세,경상
2479,2019110500100533,2019년 11월 5일 17시,화요일,강원도 원주시 소초면,경상사고,0,0,1,0,차대사람 - 횡단중,보행자보호의무위반,포장 - 건조,맑음,단일로 - 기타,화물,남,57세,상해없음,보행자,남,27세,경상
2480,2019110500100748,2019년 11월 5일 23시,화요일,강원도 원주시 단구동,부상신고사고,0,0,0,1,차대사람 - 횡단중,보행자보호의무위반,포장 - 건조,맑음,교차로 - 교차로안,승용,여,66세,상해없음,보행자,여,26세,부상신고
2481,2019110600100081,2019년 11월 6일 06시,수요일,강원도 춘천시 효자동,사망사고,1,0,0,0,차대사람 - 차도통행중,안전운전불이행,포장 - 건조,맑음,교차로 - 교차로부근,승용,여,60세,상해없음,보행자,여,81세,사망
2482,2019110600100082,2019년 11월 6일 06시,수요일,강원도 원주시 일산동,중상사고,0,1,0,0,차대사람 - 길가장자리구역통행중,안전운전불이행,포장 - 건조,맑음,단일로 - 기타,승용,남,41세,상해없음,보행자,여,79세,중상
2483,2019110600100294,2019년 11월 6일 12시,수요일,강원도 양양군 양양읍,중상사고,0,1,0,0,차대사람 - 차도통행중,안전운전불이행,포장 - 건조,맑음,교차로 - 교차로안,승용,남,66세,상해없음,보행자,남,35세,중상
2484,2019110600100401,2019년 11월 6일 15시,수요일,강원도 삼척시 남양동,경상사고,0,0,1,0,차대사람 - 차도통행중,안전운전불이행,포장 - 건조,맑음,단일로 - 기타,승용,남,21세,상해없음,보행자,여,17세,경상
2485,2019110600100497,2019년 11월 6일 17시,수요일,강원도 철원군 갈말읍,사망사고,1,0,0,0,차대사람 - 횡단중,안전운전불이행,포장 - 건조,흐림,단일로 - 기타,승용,남,26세,상해없음,보행자,여,77세,사망
2486,2019110700100081,2019년 11월 7일 06시,목요일,강원도 삼척시 당저동,중상사고,0,1,0,0,차대사람 - 차도통행중,안전운전불이행,포장 - 건조,흐림,교차로 - 교차로안,승용,남,64세,상해없음,보행자,남,82세,중상
2487,2019110700100082,2019년 11월 7일 06시,목요일,강원도 정선군 사북읍,경상사고,0,0,1,0,차대사람 - 기타,안전운전불이행,포장 - 건조,맑음,기타 - 기타,승용,여,45세,상해없음,보행자,남,56세,경상
2488,2019110700100566,2019년 11월 7일 18시,목요일,강원도 원주시 무실동,경상사고,0,0,1,0,차대사람 - 횡단중,보행자보호의무위반,포장 - 건조,맑음,교차로 - 교차로안,승용,남,28세,상해없음,보행자,여,46세,경상
2489,2019110700100709,2019년 11월 7일 21시,목요일,강원도 원주시 우산동,경상사고,0,0,1,0,차대사람 - 횡단중,보행자보호의무위반,포장 - 건조,맑음,교차로 - 교차로안,승용,남,32세,상해없음,보행자,남,67세,경상
2490,2019110800100460,2019년 11월 8일 15시,금요일,강원도 영월군 주천면,중상사고,0,1,0,0,차대사람 - 횡단중,안전운전불이행,포장 - 건조,맑음,단일로 - 지하차도(도로)내,화물,남,65세,상해없음,보행자,남,82세,중상
2491,2019110800100506,2019년 11월 8일 16시,금요일,강원도 속초시 교동,중상사고,0,1,0,0,차대사람 - 차도통행중,안전운전불이행,포장 - 건조,맑음,교차로 - 교차로안,승용,남,44세,상해없음,보행자,남,64세,중상
2492,2019110800100555,2019년 11월 8일 17시,금요일,강원도 춘천시 운교동,경상사고,0,0,1,0,차대사람 - 기타,기타,포장 - 건조,맑음,단일로 - 기타,기타불명,기타불명,미분류,기타불명,보행자,여,39세,경상
2493,2019110800100619,2019년 11월 8일 18시,금요일,강원도 홍천군 홍천읍,중상사고,0,1,0,0,차대사람 - 기타,안전운전불이행,포장 - 건조,맑음,기타 - 기타,승용,여,45세,상해없음,보행자,남,38세,중상
2494,2019110800100695,2019년 11월 8일 19시,금요일,강원도 춘천시 후평동,중상사고,0,1,0,0,차대사람 - 횡단중,안전운전불이행,포장 - 건조,맑음,교차로 - 교차로안,승용,남,35세,상해없음,보행자,여,66세,중상
2495,2019110800100696,2019년 11월 8일 19시,금요일,강원도 강릉시 교동,경상사고,0,0,1,0,차대사람 - 기타,안전운전불이행,포장 - 건조,맑음,단일로 - 기타,승용,남,65세,상해없음,보행자,여,26세,경상
2496,2019110900100100,2019년 11월 9일 05시,토요일,강원도 춘천시 동면,부상신고사고,0,0,0,1,차대사람 - 차도통행중,안전운전불이행,포장 - 건조,맑음,교차로 - 교차로안,화물,남,60세,상해없음,보행자,남,56세,부상신고
2497,2019110900100255,2019년 11월 9일 11시,토요일,강원도 원주시 단구동,중상사고,0,1,0,0,차대사람 - 횡단중,신호위반,포장 - 건조,맑음,교차로 - 교차로안,승용,남,47세,상해없음,보행자,여,12세,중상
2498,2019110900100533,2019년 11월 9일 17시,토요일,강원도 원주시 단계동,경상사고,0,0,1,0,차대사람 - 보도통행중,보행자보호의무위반,포장 - 건조,맑음,교차로 - 교차로안,승용,여,53세,상해없음,보행자,남,24세,경상
2499,2019110900100666,2019년 11월 9일 20시,토요일,강원도 춘천시 북산면,경상사고,0,0,1,0,차대사람 - 횡단중,중앙선침범,포장 - 건조,맑음,기타 - 기타,승용,남,55세,상해없음,보행자,남,13세,경상
2500,2019110900100689,2019년 11월 9일 21시,토요일,강원도 원주시 개운동,경상사고,0,0,1,0,차대사람 - 보도통행중,안전운전불이행,포장 - 건조,맑음,교차로 - 교차로부근,승용,남,39세,상해없음,보행자,여,54세,경상